Error,Rolling_Mean,Rolling_Std,Rolling_Trend,Persistent_Degradation_Alert
0.011452447,0.011452446691691875,0.0,0.0,0
0.010269105,0.0108607760630548,0.000836748627476367,-0.0005916706286370754,0
0.010267955,0.010663169125715891,0.0006835346646990054,-0.0001976069373389091,0
0.010266775,0.010564070660620928,0.0005922514514124601,-9.909846509496313e-05,0
0.010236342,0.010498525016009808,0.0005334346200918727,-6.554564461111988e-05,0
0.009679607,0.010362038699289164,0.0005825916949647131,-0.0001364863167206444,0
0.009986007,0.010308319835790567,0.000550494550324779,-5.371886349859675e-05,0
0.008458276,0.010077064391225576,0.0008292073681290844,-0.00023125544456499038,0
0.008027008,0.009849280325902833,0.0010337344802579724,-0.00022778406532274371,0
0.009192562,0.009783608466386795,0.000996494254167537,-6.567185951603799e-05,0
0.005024147,0.009350930171256716,0.0017184342572741668,-0.00043267829513007894,0
0.005320999,0.00901510256032149,0.002009458255552907,-0.00033582761093522637,0
0.004699442,0.008683128676448878,0.002265858670614151,-0.00033197388387261155,0
0.006213563,0.008506731130182743,0.0022748206243771883,-0.00017639754626613477,0
0.007027326,0.008408104131619135,0.0022251042538622688,-9.862699856360777e-05,0
0.0064027035,0.008282766590127721,0.002207344181008637,-0.00012533754149141388,0
0.007223954,0.008220483494155547,0.002152624314955838,-6.228309597217443e-05,0
0.0074050804,0.008175183320418,0.0020971774787874376,-4.530017373754677e-05,0
0.008361026,0.008184964498995166,0.0020385360631734336,9.78117857716558e-06,0
0.009597198,0.008255576179362834,0.002009137162658151,7.061168036766839e-05,0
0.010965614,0.008384625582645336,0.002045612194355107,0.00012904940328250201,0
0.011747675,0.008537491466003385,0.0021211698363347124,0.00015286588335804846,0
0.01074001,0.008633253144343262,0.002122678007093512,9.576167833987709e-05,0
0.010440332,0.008708548091817647,0.0021085357782856013,7.529494747438546e-05,0
0.012787842,0.008871719855815172,0.00221952741489019,0.00016317176399752512,0
0.010825242,0.008946855319663882,0.002208173148499217,7.513546384870992e-05,0
0.009354312,0.008961946306819166,0.002166711335934422,1.5090987155283453e-05,0
0.010058161,0.009001096826978028,0.002136277112571717,3.915052015886211e-05,0
0.009403625,0.009014977094042918,0.002099113747842161,1.3880267064890137e-05,0
0.008462439,0.008996559167280793,0.0020650700928360097,-1.8417926762125114e-05,0
0.007691695,0.00895446677121424,0.0020438416938175193,-4.2092396066553336e-05,0
0.0059651956,0.00886105204699561,0.002078889020116908,-9.341472421862951e-05,0
0.0055566323,0.008760918115237446,0.0021254666518966637,-0.0001001339317581642,0
0.0061418116,0.008683885570944232,0.002140669918351636,-7.703254429321411e-05,0
0.006017473,0.008607702356364046,0.0021565771755312655,-7.618321458018572e-05,0
0.00671034,0.00855499784099973,0.0021489401970067163,-5.27045153643161e-05,0
0.0058834334,0.008482793396389162,0.0021639238841303973,-7.220444461056817e-05,0
0.007960301,0.008469043593657645,0.002136163591991989,-1.3749802731517075e-05,0
0.009629856,0.0084988080108395,0.0021160486091605316,2.9764417181854866e-05,0
0.007702959,0.008478911779820918,0.0020925305918432224,-1.989623101858115e-05,0
0.008161098,0.008471160218483063,0.002066804472049765,-7.751561337854956e-06,0
0.013917129,0.008600826131268627,0.0022076344458106393,0.00012966591278556344,0
0.01410056,0.008728726918614187,0.002336884861226502,0.0001279007873455605,0
0.011339835,0.008788070281628858,0.002342857670745554,5.93433630146703e-05,0
0.014093586,0.008905970636341307,0.0024473975334701834,0.00011790035471244929,0
0.011664331,0.008965934991188671,0.002453987026113313,5.996435484736419e-05,0
0.011077485,0.009010861588126801,0.0024466309287780714,4.492659693812982e-05,0
0.010538369,0.009042684667898962,0.0024304837257808124,3.182307977216137e-05,0
0.013205823,0.009127646665640024,0.00247747692645617,8.496199774106136e-05,0
0.011726183,0.009179617390036582,0.002479450872755255,5.1970724396558504e-05,0
0.012217879,0.009239191152885849,0.0024911290195450946,5.957376284926666e-05,0
0.009926671,0.009252411922296653,0.0024684270189800957,1.3220769410803718e-05,0
0.013109238,0.009325182223516816,0.0025013233938954056,7.277030122016317e-05,0
0.011640608,0.009368060484390569,0.0024975689689818803,4.287826087375282e-05,0
0.022525426,0.009607285311953588,0.003044651621588736,0.00023922482756301953,0
0.017163403,0.009742215990887157,0.0031813380724907015,0.0001349306789335692,0
0.016892495,0.009867659475850431,0.0032919807461008277,0.0001254434849632738,0
0.018121017,0.010009958745975947,0.003438234836399132,0.00014229927012551595,0
0.022004794,0.010213261044000164,0.003749162329608893,0.0002033022980242171,0
0.016838709,0.010323685174807907,0.0038143920233296926,0.0001104241308077427,0
0.018718135,0.010461299100005235,0.003932211405314024,0.00013761392519732844,0
0.022933964,0.010662471109460439,0.004209270415048663,0.00020117200945520344,0
0.018107824,0.010780651314509294,0.0042792612977751564,0.00011818020504885535,0
0.017542562,0.010886306161410175,0.004328491417205203,0.00010565484690088119,0
0.015220069,0.010952979440872486,0.004328052296760711,6.667327946231066e-05,0
0.016797286,0.011041529533086401,0.004354464989709036,8.855009221391506e-05,0
0.015001798,0.011100638018392804,0.004348351113424354,5.910848530640313e-05,0
0.016651418,0.01118226713665268,0.0043679573465767165,8.162911825987558e-05,0
0.017870605,0.01127919956933761,0.0044098519198971205,9.693243268493051e-05,0
0.014748142,0.011328755891216652,0.004397370168013611,4.955632187904173e-05,0
0.016031023,0.011394985007043456,0.004401369159161876,6.622911582680399e-05,0
0.017994987,0.011486651699265672,0.004438941881936897,9.166669222221598e-05,0
0.012421747,0.011499461220347718,0.004409366579964374,1.2809521082046346e-05,0
0.015073433,0.011547758130709062,0.004398725907350937,4.8296910361343356e-05,0
0.014099691,0.011581783903141817,0.0043788298628042064,3.402577243275494e-05,0
0.02638694,0.011776588599834787,0.004669326474988738,0.00019480469669297049,0
0.026013812,0.011961487605683989,0.004914079949313437,0.00018489900584920185,0
0.024863565,0.012126898858696222,0.005095951122495893,0.00016541125301223342,0
0.046632368,0.012563676950580712,0.0063802052149833375,0.0004367780918844901,0
0.05066537,0.013039948127698153,0.007637962987685763,0.00047627117711744084,0
0.03923506,0.013363344560342806,0.008129000743213903,0.00032339643264465284,0
0.04077757,0.013697664401062378,0.008627280135418084,0.0003343198407195717,0
0.04222303,0.01404134349067168,0.00912829947721475,0.00034367908960930213,0
0.04924581,0.01446044426189647,0.009852722657567954,0.00041910077122478927,0
0.047104646,0.01484449368846767,0.010414291246311333,0.00038404942657120113,0
0.0529361,0.015287419337086206,0.01113791907034073,0.0004429256486185359,0
0.03926793,0.015563057403711751,0.011367528472657389,0.0002756380666255453,0
0.029150005,0.01571745454037393,0.011394436976195903,0.00015439713666217693,0
0.034338214,0.015926676551194004,0.011500160409017603,0.00020922201082007597,0
0.025015105,0.016027659084647893,0.01147542876795025,0.00010098253345388816,0
0.024771042,0.016123740217433527,0.01144824736461747,9.608113278563452e-05,0
0.027727626,0.016249869413592893,0.011449266821142922,0.00012612919615936566,0
0.2049231,0.018278613756661132,0.022636930042436578,0.0020287443430682395,0
0.19935729,0.0202049826113309,0.02925311795201495,0.0019263688546697667,0
0.19125229,0.022005480596501575,0.03397957585296553,0.0018004979851706758,0
0.34758383,0.025396921739835914,0.047398708630600285,0.0033914411433343394,0
0.33572596,0.028596190207628245,0.05671032553047506,0.003199268467792331,0
0.34488153,0.03182359168077914,0.06483583530624573,0.0032274014731508947,0
0.36306617,0.03516947627632004,0.07258849921573672,0.0033458845955409017,0
0.3618228,0.03843600965104997,0.07926469020753403,0.0032665333747299297,0
0.3829752,0.041847288673098136,0.08599640390011801,0.003411279022048165,0
0.35753596,0.044942275630127565,0.09110001207381804,0.003094986957029429,0
0.35138708,0.0479174679398392,0.09554883364111305,0.002975192309711633,0
0.3274291,0.05060507965166695,0.0989553516144642,0.002687611711827749,0
0.20413567,0.05206727576220319,0.0996117364917957,0.0014621961105362458,0
0.20193078,0.05348108237046959,0.10019918199677597,0.0014138066082663991,0
0.21621488,0.055001958987075036,0.1009586959547792,0.0015208766166054447,0
0.046227172,0.05492071095957524,0.1004893662749516,-8.124802749979315e-05,0
0.038396843,0.05476911583864087,0.10003557681295298,-0.00015159512093437105,0
0.056272626,0.054782784112136475,0.09957574387998971,1.3668273495602568e-05,0
0.041313887,0.0546614426934907,0.09913033719266831,-0.0001213414186457748,0
0.03298893,0.05446793810032042,0.09870404013671251,-0.00019350459317028085,0
0.049687985,0.05442563763333369,0.09826343794951092,-4.2300466986729124e-05,0
0.21595073,0.055842524386223474,0.09899049093967477,0.0014168867528897844,0
0.22105812,0.05727918169906606,0.09975228475670647,0.001436657312842586,0
0.22864947,0.05875651174674517,0.10058410679658458,0.0014773300476791096,0
0.23617221,0.06027288527156298,0.1014838612569988,0.0015163735248178087,0
0.3557094,0.06277658458073009,0.10464527167165473,0.0025036993091671067,0
0.3671079,0.06533399057582397,0.10787089336365491,0.002557405995093881,0
0.3832756,0.06798350397342195,0.11126876283298809,0.0026495133975979884,0
0.3821188,0.07057966337316046,0.11442512857011848,0.002596159399738507,0
0.37724102,0.07309328101300558,0.11728483240056005,0.002513617639845117,0
0.3629649,0.07544996082873606,0.11969174825376205,0.0023566798157304836,0
0.33820644,0.07756896469471676,0.12151717623134578,0.002119003865980698,0
0.33233076,0.079607059083879,0.1231526233831583,0.0020380943891622344,0
0.18155819,0.08041619505762818,0.12299483089142686,0.000809135973749181,0
0.17613316,0.08116987191404648,0.12279986460656908,0.0007536768564183061,0
0.17165557,0.08187679139518877,0.1225766462714094,0.000706919481142293,0
0.17484576,0.08259748103631329,0.1223709642867129,0.0007206896411245112,0
0.017171128,0.08209420139543139,0.12203072593177773,-0.0005032796408818985,0
0.02029794,0.08162247421546974,0.12168031501440553,-0.0004717271799616479,0
0.0244271,0.08118917591954497,0.12131717958967009,-0.00043329829592476943,0
0.025148056,0.08076781411900331,0.12095442416825103,-0.00042136180054165584,0
0.030282287,0.08039105645339213,0.12057774977297338,-0.0003767576656111826,0
0.028233128,0.08000470142535589,0.12021083672059626,-0.0003863550280362449,0
0.027717117,0.07962023389443536,0.11984868095513092,-0.0003844675309205292,0
0.028015831,0.07924355942429635,0.11948861410160726,-0.00037667447013900457,0
0.021887966,0.07882793917847068,0.11915180026568406,-0.0004156202458256708,0
0.021846477,0.07841800060123205,0.11881764387768241,-0.0004099385772386305,0
0.021425504,0.07801091134149049,0.11848741632926522,-0.00040708925974156096,0
0.015908755,0.07757047051894116,0.11817926919962674,-0.0004404408225493345,0
0.015105886,0.07713057908137709,0.11787605884946485,-0.0004398914375640661,0
0.012352316,0.07667758423261918,0.11758511389625584,-0.0004529948487579094,0
0.009204597,0.07620902182275636,0.11730808663280755,-0.00046856240986281605,0
0.0090355,0.07619223746910898,0.1173175892704008,-1.6784353647381067e-05,0
0.011068176,0.0761977865671118,0.117314468170885,5.549098002821662e-06,0
0.011372985,0.07620546038702337,0.11731016144699294,7.673819911568902e-06,0
0.012902935,0.07622376705209415,0.11730000477580939,1.8306665070771944e-05,0
0.010658718,0.07622670021373779,0.11729834844837432,2.933161643639548e-06,0
0.01347154,0.07625303308143178,0.11728372922463073,2.6332867693990014e-05,0
0.012328717,0.07626930190276147,0.11727463495152612,1.6268821329698535e-05,0
0.010940724,0.07628654112340882,0.1172647791548385,1.723922064734984e-05,0
0.011676187,0.07631188264349476,0.11725031817565441,2.5341520085930824e-05,0
0.01224843,0.07633310395370548,0.11723836113171687,2.1221310210720046e-05,0
0.011443456,0.0763776824848416,0.11721227464595012,4.4578531136124644e-05,0
0.01097308,0.0764169330488787,0.11718925777573928,3.925056403709937e-05,0
0.010750176,0.07645895203717777,0.11716444530714723,4.201898829907236e-05,0
0.006258018,0.07645926075120871,0.1171642589832066,3.0871403093601923e-07,0
0.0071949274,0.07646042464896002,0.1171635652606064,1.1638977513162008e-06,0
0.0060203536,0.07645776944183227,0.11716516836057818,-2.6552071277496925e-06,0
0.0064692227,0.0764525282526544,0.11716830391693404,-5.241189177870864e-06,0
0.0048285425,0.07643463562837699,0.1171791180320193,-1.7892624277413005e-05,0
0.004815367,0.07641001299877341,0.11719389383172907,-2.4622629603579527e-05,0
0.0046958975,0.07637597618870334,0.11721414407736437,-3.403681007006776e-05,0
0.0046621272,0.07633220197749324,0.11723991693087092,-4.377421121010139e-05,0
0.0069300565,0.07629874629330718,0.11725916150821494,-3.345568418605671e-05,0
0.0070563047,0.07627316500616467,0.1172739647188004,-2.558128714251484e-05,0
0.0063565574,0.07624480546089923,0.11729048855305246,-2.8359545265435604e-05,0
0.10860174,0.07691017976160058,0.11719972278042903,0.0006653743007013491,0
0.103476375,0.077553590410389,0.11708865683042223,0.0006434106487884228,0
0.10812731,0.07823951401385582,0.11697560019668347,0.0006859236034668093,0
0.11581599,0.07897394338053548,0.11687648856590423,0.0007344293666796675,0
0.12368371,0.07976755510834563,0.11678874844392716,0.0007936117278101451,0
0.12492069,0.08057629295055652,0.11669470909949275,0.0008087378422108882,0
0.12341547,0.0813799302785709,0.11658769364852395,0.0008036373280143894,0
0.12184656,0.08218466195264934,0.11646337479490414,0.0008047316740784349,0
0.12086819,0.08298543666670513,0.11632916429365915,0.0008007747140557908,0
0.11281371,0.08372621374696286,0.11617594601009534,0.000740777080257729,0
0.11153543,0.08445897733650377,0.11601503990069546,0.0007327635895409135,0
0.1147875,0.0852095131477755,0.11585802889078038,0.000750535811271727,0
0.012138698,0.08525295248707859,0.1158292477918265,4.343933930309185e-05,0
0.01239228,0.08528373011763,0.11580915339195723,3.077763055141236e-05,0
0.012926044,0.08530662031262182,0.11579442031400121,2.2890194991811996e-05,0
0.011501859,0.08533300156381705,0.11577704780701269,2.6381251195237154e-05,0
0.011302696,0.08535481821551609,0.1157626991981988,2.1816651699035905e-05,0
0.012209822,0.0853429619229347,0.11577015412546413,-1.1856292581394201e-05,0
0.010909593,0.08532080242811288,0.11578419048984581,-2.2159494821816228e-05,0
0.012286391,0.0853273757351821,0.11577998785958885,6.573307069226986e-06,0
0.018253263,0.08535626237992094,0.11576260863698408,2.8886644738837508e-05,0
0.01691405,0.08539271875633858,0.11574006345498423,3.6456376417637326e-05,0
0.013597741,0.08541022053234176,0.11572893721743988,1.750177600318148e-05,0
0.011013861,0.08541352255593261,0.11572679276892489,3.302023590848191e-06,0
0.009338043,0.08538666297358254,0.11574411654290694,-2.6859582350075017e-05,0
0.019632185,0.08544156576519729,0.11571080192505283,5.490279161475542e-05,0
0.033761382,0.08559117342358352,0.11562936431667994,0.00014960765838623047,0
0.027868716,0.08571577095749995,0.11555690525174676,0.00012459753391642903,0
0.03569891,0.08587264367573273,0.11547295261503812,0.00015687271823278115,0
0.037214056,0.08605023706008473,0.11537761414002677,0.00017759338435199834,0
0.05709184,0.08629028159905122,0.11528044277235548,0.00024004453896649125,0
0.054542072,0.0865498556878366,0.11516572827067709,0.00025957408878538035,0
0.07731162,0.08696943294813132,0.11502014347744591,0.00041957726029472064,0
0.07196196,0.08734332839634994,0.11488220071704418,0.0003738954482186141,0
0.10039611,0.08788771254411484,0.1147560849605501,0.0005443841477649064,0
0.0929894,0.08841653678811984,0.11460174085609103,0.000528824244004994,0
0.09556798,0.08895021626247196,0.1144537406388555,0.0005336794743521223,0
0.095488854,0.08945406966571075,0.11432071351014787,0.0005038534032387881,0
0.07502632,0.08984933698795633,0.11417060682186041,0.00039526732224558214,0
0.11216049,0.09050640592856023,0.11402373615910022,0.0006570689406038971,0
0.05729723,0.09079860843161845,0.11388328266682612,0.00029220250305822537,0
0.11745426,0.09149761520287332,0.11373470739413183,0.0006990067712548675,0
0.033847544,0.09162848844102377,0.11365688514878071,0.00013087323815044738,0
0.26686087,0.09336605409690593,0.11441269889095156,0.0017375656558821645,0
0.2426154,0.0949267818521346,0.11490747356967837,0.0015607277552286691,0
0.27646545,0.09674426312752378,0.11569749064588498,0.0018174812753891795,1
0.27333197,0.09853107525850646,0.11642680940253554,0.0017868121309826818,1
0.4544817,0.10156223292708294,0.11994420608208722,0.0030311576685764785,1
0.44796225,0.10458681978505208,0.12312979155604455,0.003024586857969136,1
0.4492659,0.10760204523426688,0.1262004468456069,0.0030152254492148006,1
0.42695606,0.11046910333485964,0.12872580660387958,0.002867058100592762,1
0.43374956,0.11329801038825987,0.13131517922774688,0.002828907053400234,1
0.40730175,0.11594584331679572,0.13337092168327444,0.002647832928535848,1
0.3793741,0.11840772193843602,0.13494058494665506,0.0024618786216402955,1
0.38828334,0.12078029814680728,0.13666231276891866,0.002372576208371266,1
0.22863989,0.12201623227641296,0.13682845337707075,0.0012359341296056814,1
0.22528583,0.12330825150517437,0.13691968893269893,0.001292019228761404,1
0.22550756,0.12459109862942973,0.13700639510219312,0.0012828471242553596,1
0.24188748,0.12597765731819285,0.13717720341174985,0.001386558688763126,1
0.059319343,0.1260476124233618,0.13714036308844135,6.995510516893955e-05,1
0.061310586,0.1261462647849435,0.1370882777465507,9.865236158171364e-05,1
0.051812626,0.1261384628887754,0.13709250528550782,-7.801896168113664e-06,1
0.061961412,0.1262960565088886,0.13700496121767372,0.00015759362011319444,1
0.051216602,0.12644929676510705,0.13690784971033368,0.00015324025621846205,1
0.062181078,0.1266426499900667,0.13679646844624385,0.00019335322495964147,1
0.03050487,0.12668077335628267,0.13676871028207074,3.812336621597523e-05,1
0.032663427,0.1267355815863185,0.1367291613999431,5.480823003584101e-05,1
0.035202865,0.12678749296335606,0.13669272279598926,5.191137703755566e-05,1
0.033775903,0.12559897081033947,0.13675263099690643,-0.0011885221530165968,1
0.059556365,0.12462813108059992,0.13672157790094863,-0.0009708397297395477,1
0.046146885,0.1236204546455863,0.13676183316587126,-0.0010076764350136214,1
0.043279003,0.12150722668027608,0.13562327884178496,-0.002113227965310216,1
0.036202334,0.11942720147716399,0.13460794117262884,-0.002080025203112096,1
0.030386953,0.11724321132512866,0.13347091157245042,-0.0021839901520353255,1
0.038227048,0.11498738411076677,0.13202439628240797,-0.0022558272143618913,1
0.03233476,0.1126992726252259,0.1305636761601016,-0.002288111485540867,1
0.038563304,0.1103075234083614,0.12871952047902288,-0.002391749216864497,1
0.03388663,0.10805995862918077,0.12718900283631404,-0.0022475647791806302,1
0.031706434,0.10583995411676976,0.1256932982686903,-0.002220004512411014,1
0.03909453,0.10383763081174241,0.12442890567416484,-0.002002323305027351,1
0.023003565,0.10257976896375315,0.12432338913242845,-0.0012578618479892612,1
0.021850009,0.10132920807680218,0.12422270483826833,-0.0012505608869509688,1
0.04274858,0.10012458100229399,0.12394159200537626,-0.001204627074508191,1
0.037459705,0.10006369581484857,0.1239704038924379,-6.088518744541693e-05,1
0.049976286,0.10014410861185752,0.12393387436233955,8.041279700894688e-05,1
0.051077865,0.10010803388366993,0.12394748909382114,-3.607472818759061e-05,1
0.047831535,0.10015329533295396,0.1239270576426458,4.526144928403142e-05,1
0.06449684,0.10037210025863412,0.12383542456034084,0.00021880492568016052,1
0.06704932,0.10049266506232218,0.12379417852321865,0.0001205648036880641,1
0.07296284,0.09949969364162017,0.12343453713725522,-0.0009929714207020102,1
0.06787121,0.09843589570826022,0.12303905514541402,-0.00106379793335995,1
0.070252776,0.0973359186868442,0.12257395602071641,-0.0010999770214160237,1
0.07134589,0.0961912914224538,0.12203681897035258,-0.0011446272643903938,0
0.09014916,0.09434712304048137,0.12007847085590428,-0.001844168381972433,0
0.09580863,0.09246310036461283,0.1178771009278159,-0.0018840226758685408,0
0.04749297,0.09013127655554046,0.11537879178106124,-0.0023318238090723753,0
0.05391045,0.08785205195696714,0.11278301336410386,-0.0022792245985733123,0
0.070017,0.0857185518673052,0.11014541606140074,-0.002133500089661941,0
0.031656068,0.08341779609973957,0.10774785276810184,-0.0023007557675656376,0
0.29587677,0.08312384006502624,0.10710369747601256,-0.00029395603471332743,0
0.2648788,0.08265542371858221,0.1061494220148583,-0.0004684163464440255,0
0.25388235,0.08315767480720145,0.10678982848559818,0.0005022510886192322,0
0.27163905,0.08382091017685728,0.10766430258803504,0.0006632353696558319,0
0.29018083,0.08464400230635268,0.10878769427621336,0.000823092129495398,0
0.28113872,0.08538214788293569,0.10976027229009577,0.000738145576583013,0
0.27263913,0.08715623120143492,0.11071053402733973,0.0017740833184992366,0
3.3781693,0.11047478229415396,0.29566473496115103,0.023318551092719034,1
3.5127578,0.1346993008984201,0.4095396027133289,0.02422451860426615,1
3.6410706,0.15980987414756478,0.5029714813446388,0.025110573249144674,1
3.5995514,0.18459646548338546,0.5787783076363012,0.024786591335820674,1
3.5032613,0.20872860576168428,0.6412836024779287,0.024132140278298825,1
3.1691778,0.23054430474359025,0.6868950467368803,0.021815698981905968,1
3.1982539,0.2525598466777915,0.7298214884761691,0.02201554193420127,1
3.2913618,0.2752645261449895,0.7722200781155203,0.022704679467197952,1
3.3493118,0.2983719244204824,0.8132769226051458,0.023107398275492907,1
3.1917317,0.32038793960883694,0.8479015700582957,0.022016015188354554,1
2.8012445,0.33973054892784504,0.8723253522828591,0.01934260931900811,1
2.7855732,0.3589699055786089,0.8953630771226161,0.019239356650763872,1
0.0072715906,0.3589346227656481,0.8953769315030977,-3.528281296083513e-05,1
0.008489875,0.3589296594178045,0.8953788856993562,-4.963347843556232e-06,1
0.010248754,0.3589380847956313,0.8953755759270645,8.425377826748459e-06,1
0.009258199,0.3589255155109438,0.895380506166063,-1.2569284687458104e-05,1
0.007219939,0.3588966749116985,0.8953918460850275,-2.8840599245294474e-05,1
0.0069277445,0.35885518053287846,0.8954081306071202,-4.1494378820061684e-05,1
0.006122963,0.35882368223651107,0.8954205446657927,-3.149829636739376e-05,1
0.007361366,0.35878125047181836,0.8954371691114809,-4.2431764692707485e-05,1
0.007907709,0.3587505490286276,0.8954492065476368,-3.070144319078372e-05,1
0.006142566,0.35871722848646137,0.8954623285737814,-3.332054216620417e-05,1
0.0060651815,0.35867826317230034,0.8954776573329786,-3.896531416103244e-05,1
0.006248484,0.35863659687715377,0.8954940287650207,-4.166629514656961e-05,1
0.0058216183,0.35859755633929224,0.895509393486319,-3.9040537861523283e-05,1
0.007043552,0.35857026795080554,0.8955201203485736,-2.7288388486701454e-05,1
0.005481285,0.3585336784275973,0.8955345386259401,-3.658952320823028e-05,1
0.006082656,0.3585324606360195,0.8955350211366229,-1.2177915778011084e-06,1
0.008124565,0.35853891645092517,0.8955324740180627,6.455814905659274e-06,1
0.008336451,0.35855500045969774,0.8955261191893085,1.608400877256555e-05,1
0.0068145148,0.35855739832105527,0.8955251703133371,2.397861357528175e-06,1
0.007981104,0.3585792911083748,0.8955165007707161,2.189278731951072e-05,1
0.009219345,0.3586098742865336,0.8955044098563648,3.058317815884948e-05,1
0.008661752,0.3586374149405553,0.8954935102655094,2.7540654021662725e-05,1
0.009148699,0.35866857169053723,0.8954811863058556,3.115674998194207e-05,1
0.009702259,0.3586878230950485,0.895473601380807,1.9251404511255732e-05,1
0.008400977,0.35869716109462185,0.8954699159284779,9.337999573366673e-06,1
0.0072857845,0.35870361406058593,0.8954673624684437,6.452965964076629e-06,1
27.857336,0.5514031578301607,2.4600746238514537,0.19269954376957477,1
62.483192,0.9845956305281207,5.716957211534933,0.43319247269796,1
63.784092,1.4267898294072237,7.74985051265433,0.44219419887910294,1
65.196655,1.8787401022111427,9.395754861901235,0.4519502728039191,1
66.2503,2.3379526982737135,10.817727279186458,0.4592125960625708,1
66.181114,2.7966762643029344,12.053224385196158,0.4587235660292208,1
66.09087,3.2547836132483403,13.154238359772396,0.45810734894540595,1
67.27406,3.7211184504267294,14.191792553442221,0.4663348371783891,1
65.90815,4.177974572149752,15.104625162218795,0.4568561217230229,1
62.950577,4.614347926809892,15.874437338606372,0.43637335466014004,1
59.647663,5.027793257966146,16.518575118293224,0.4134453311562538,1
58.032757,5.430001378166101,17.09323441605753,0.4022081201999548,1
26.03491,5.610715069164548,17.17292859451505,0.1807136909984468,1
0.0067077787,5.61067559346298,17.17294155999574,-3.9475701568036925e-05,1
0.005153522,5.61062161761543,17.172959289385453,-5.39758475497365e-05,1
0.0070283213,5.610590551381595,17.17296949318232,-3.1066233835197465e-05,1
0.010157353,5.6105825976151715,17.172972104927236,-7.953766423263176e-06,1
0.009773537,5.610565678963515,17.17297766016067,-1.691865165653894e-05,1
0.009779916,5.610557833987211,17.17298023634722,-7.844976304127727e-06,1
0.007843149,5.610526978138498,17.172990369468028,-3.085584871254099e-05,1
0.010983902,5.6104764964644955,17.173006934134825,-5.0481674002789134e-05,1
0.012389382,5.610445075167162,17.173017244332197,-3.142129733380017e-05,1
0.01060839,5.610424315786481,17.17302405912689,-2.0759380681134587e-05,1
0.009312985,5.6104125041521105,17.17302793792722,-1.1811634370140212e-05,1
0.13539334,5.6112878881362525,17.17274364064058,0.0008753839841419975,1
0.12928204,5.612049345480045,17.17249639617082,0.0007614573437928485,1
0.13429885,5.612747522313536,17.172270057747326,0.0006981768334908267,1
0.14247568,5.613543404004304,17.172012059678462,0.0007958816907676081,1
0.14773226,5.614321413369099,17.17176011410341,0.000778009364795551,1
0.14933148,5.615100006595538,17.17150801131676,0.0007785932264390283,1
0.14757204,5.615728341324332,17.171304866324203,0.0006283347287938668,1
0.14154235,5.616332509888,17.171109358329613,0.0006041685636679617,1
0.14153482,5.616778504333019,17.17096531774335,0.0004459944450188047,1
0.13542564,5.617219224336117,17.170822819886837,0.00044072000309824944,1
0.13338704,5.617448328033788,17.170748916220145,0.0002291036976709293,1
0.13436756,5.617735676334835,17.170656165214865,0.0002873483010468192,1
0.016260313,5.617184928653943,17.170835797963036,-0.0005507476808919165,1
0.021182591,5.616668912941047,17.17100401134942,-0.0005160157128960563,1
0.028167844,5.61634350686735,17.17111020857081,-0.0003254060736965769,1
0.046973485,5.615890819343298,17.171257190514435,-0.00045268752405203116,1
0.053553626,5.61586482209451,17.171265667896787,-2.5997248788378613e-05,1
0.05685873,5.615444019795784,17.171402097204815,-0.00042080229872620833,1
0.0637137,5.615651423651595,17.171334388979517,0.00020740385581152765,1
0.06544559,5.614252706391401,17.171781327169313,-0.0013987172601943598,1
0.060591422,5.6129886509766544,17.172186206090803,-0.001264055414746501,1
0.07103484,5.611562049556394,17.1726411720568,-0.0014266014202606314,1
0.07040968,5.610152866972688,17.173090609172647,-0.0014091825837061478,1
0.06526477,5.607449971679468,17.173938350320306,-0.0027028952932193206,1
0.05295994,5.604706900061704,17.174799725491834,-0.0027430716177647696,1
0.04528759,5.601901495153369,17.17568069724104,-0.0028054049083348076,1
0.051495634,5.599294131101083,17.176500255343758,-0.0026073640522854546,1
0.037843157,5.596544781101532,17.177364521802055,-0.0027493499995516757,1
0.039012853,5.593987219291092,17.17816995712269,-0.0025575618104394238,1
0.04044563,5.591633549448387,17.178912637703654,-0.0023536698427051306,1
0.03379294,5.589171810538068,17.179688873984773,-0.002461738910318978,1
0.028493721,5.587781906616227,17.180133685279706,-0.001389903921841018,1
0.26956925,5.5880894303651685,17.18003742161891,0.0003075237489413851,1
0.24347378,5.588214195821719,17.179998270147962,0.0001247654565501577,1
0.2857392,5.588518721746772,17.179903228934045,0.0003045259250535892,1
0.32229292,5.590344927166977,17.17932533798802,0.0018262054202047295,1
0.32243297,5.592158277024282,17.178751415705158,0.001813349857305191,1
0.30298245,5.593902511906991,17.178197688271165,0.0017442348827092502,1
0.30317014,5.59557757254677,17.177666243814013,0.0016750606397781809,1
0.3104762,5.597377986514605,17.177094645434288,0.0018004139678353681,1
0.3164063,5.59914343951257,17.17653481782065,0.0017654529979651556,1
0.32713178,5.601203348600797,17.175880098610772,0.002059909088226952,1
0.35858187,5.603466671125109,17.175162641017135,0.0022633225243122723,1
0.33389103,5.605540894524893,17.174503489452803,0.0020742233997834703,1
0.13571832,5.606248827945415,17.174274314607764,0.0007079334205224441,1
0.12272887,5.606687525891983,17.174132445901677,0.00043869794656803407,1
0.08907576,5.60698564307596,17.17403562058899,0.00029811718397709797,1
0.11949296,5.607514906684325,17.17386413465154,0.000529263608364694,1
0.13337798,5.608189737589176,17.17364559205941,0.000674830904850765,1
0.15352988,5.609044896823535,17.173368967600258,0.000855159234359526,1
0.09729583,5.6094550966873715,17.173235678513613,0.00041019986383616924,1
0.13684091,5.6101808338393715,17.17300054906509,0.0007257371519999722,1
0.099020176,5.610600673228166,17.172864122082316,0.0004198393887948626,1
0.1226071,5.611216787581927,17.17266423639215,0.0006161143537610769,1
0.07075583,5.611487963957996,17.172575821380494,0.00027117637606899336,1
0.102805085,5.611930398370735,17.17243207033273,0.00044243441273827955,1
0.06699977,5.612235927575966,17.1723323287586,0.00030552920523163607,1
0.0710083,5.6125773046159235,17.172220905891173,0.00034137703995718027,1
0.041885052,5.6125713078816055,17.172222864690934,-5.996734318003405e-06,1
0.031914998,5.61253280297064,17.17223545927642,-3.850491096546449e-05,1
0.02417941,5.6123536580028786,17.172294029492562,-0.00017914496776150202,1
0.033369105,5.612230680504581,17.172334197828008,-0.00012297749829759397,1
0.02571242,5.612077075532095,17.17238441779044,-0.0001536049724863986,1
0.01612145,5.611741135346367,17.17249417583206,-0.00033594018572724593,1
0.017204277,5.611394989236335,17.17260722379241,-0.00034614611003203066,1
0.01723034,5.611007957961799,17.172733547849766,-0.0003870312745366533,1
0.030432828,5.610747969175766,17.17281833892687,-0.0002599887860323946,1
0.032794103,5.610487839501325,17.17290313539387,-0.00026012967444088986,1
0.029272009,5.610195659783333,17.172998395036764,-0.0002921797179924468,1
0.024606615,5.609740503245525,17.17314659048292,-0.00045515653780814347,1
0.024743898,5.609246998142528,17.173307172881607,-0.0004935051029963944,1
0.026449187,5.609100860760211,17.173354921427983,-0.00014613738231705753,1
0.04591061,5.609045306333832,17.173373030621974,-5.555442637916741e-05,1
0.044966206,5.608871342468774,17.173429659365258,-0.00017396386505819095,1
0.03498073,5.60889443039519,17.173422111167195,2.308792641603219e-05,1
0.034485843,5.607079215616169,17.174001423961286,-0.0018152147790209128,1
0.042178873,5.6055326882795065,17.174495875866956,-0.0015465273366626064,1
0.03648736,5.6040230008560075,17.174979138984394,-0.0015096874234989954,1
0.038484734,5.6024038736650255,17.175496333419208,-0.001619127190982006,1
0.043544523,5.60069112152107,17.176042065068945,-0.0017127521439554982,1
0.039979566,5.599016405186073,17.176576113258996,-0.0016747163349970506,1
0.037850074,5.597385925664437,17.17709638890409,-0.0016304795216361967,1
0.04068398,5.574208944295403,17.182362527912225,-0.023176981369033456,1
0.028385608,5.550011915332612,17.187738452697914,-0.0241970289627913,1
0.031000707,5.524941985492155,17.19317424723772,-0.025069929840457306,1
0.025368182,5.500121268427595,17.198552323404055,-0.024820717064559794,1
0.023556655,5.475956652646548,17.203821358228886,-0.02416461578104645,1
0.029178305,5.4541511007992085,17.208754848179478,-0.0218055518473399,1
0.023211142,5.432102192966138,17.213698773209003,-0.022048907833070786,1
0.025248466,5.409420850308379,17.218690255419844,-0.022681342657758563,1
2.982944,5.406876629357511,17.21902384816699,-0.002544220950868592,1
3.2784772,5.407479028666987,17.218947327657666,0.0006023993094768088,1
3.3554256,5.411327508520723,17.21842267645247,0.003848479853735931,1
3.3459024,5.415218683512649,17.217888440990937,0.0038911749919252614,1
6.054628,5.457214213406486,17.211979802834463,0.04199552989383726,1
6.053719,5.499194971521825,17.205968432400997,0.04198075811533908,1
6.131859,5.541706152573978,17.19987325183841,0.04251118105215301,1
6.068792,5.583786247488913,17.193654577607635,0.04208009491493492,1
6.0151706,5.6255081268997555,17.187316166824097,0.04172187941084271,1
6.044955,5.667438870179467,17.18087711655073,0.04193074327971136,1
5.9463897,5.708690722346849,17.174319190991664,0.04125185216738192,1
5.856595,5.749310400634487,17.167656286407826,0.04061967828763802,1
3.4519668,5.7732274773944585,17.16199984062987,0.023917076759971678,1
3.1640446,5.795157352759917,17.15659579258183,0.02192987536545843,1
2.7919009,5.814503433952471,17.151592209415544,0.019346081192553655,1
2.8237085,5.834069128746503,17.146526365070017,0.01956569479403214,1
0.017028775,5.834146956224383,17.14649975127963,7.782747788009914e-05,1
0.015650915,5.834206729577596,17.146479310712667,5.977335321283306e-05,1
0.016716054,5.834284748804445,17.146452629151696,7.801922684969043e-05,1
0.021107899,5.8343890907708555,17.146416960231456,0.0001043419664101819,1
0.019100737,5.834465314187885,17.146390903161368,7.622341702973046e-05,1
0.01339306,5.834500429530938,17.14637889314249,3.511534305289388e-05,1
3.0956762,5.855950857787523,17.140968627674248,0.02145042825658461,1
3.353321,5.87918238536804,17.13525337454292,0.023231527580517053,1
3.4864528,5.90332984004312,17.12937251540897,0.02414745467507995,1
3.4783685,5.927425025939657,17.1234620704234,0.024095185896537252,1
3.3928952,5.9509232656790925,17.117604452441693,0.023498239739435434,1
3.359346,5.974184679944301,17.111749307093252,0.023261414265208558,1
3.425132,5.997911978968962,17.105787048052715,0.023727299024661086,1
3.5275617,6.022358339247552,17.09968017874701,0.024446360278590262,1
3.6508498,5.85425774046194,17.00223238597509,-0.16810059878561212,1
3.3972538,5.443938721766851,16.325536886369783,-0.41031901869508935,1
2.9145935,5.021233871132911,15.575196659041744,-0.4227048506339397,1
2.8154497,4.588031054752516,14.734637802459295,-0.43320281638039493,1
0.016409708,4.128073500320574,13.800492960953612,-0.4599575544319423,1
0.012842687,3.6685716148349456,12.78406363502812,-0.4595018854856283,1
0.01285719,3.209696500057665,11.664696412662352,-0.4588751147772805,1
0.017256165,2.742635340714413,10.354503404241857,-0.4670611593432521,1
0.013655152,2.285034683998674,8.89694796777581,-0.4576006567157389,1
0.012692679,1.847966044390988,7.298150955564469,-0.43706863960768616,1
0.0120180715,1.4338296204676024,5.454502524859615,-0.41413642392338557,1
0.017833441,1.03094820821813,2.683375179914637,-0.4028814122494724,1
0.021749353,0.8503012578779211,1.6741410608441538,-0.18064695034020894,1
0.022189336,0.850408768692028,1.6740870039302984,0.00010751081410687036,1
0.01849731,0.8505014338912184,1.6740402582604041,9.266519919037819e-05,1
0.028248174,0.8506487939804275,1.6739664232917828,0.00014736008920912536,1
0.025588138,0.850755952208096,1.6739127363871593,0.00010715822766849126,1
0.020668384,0.8508316108685298,1.6738747050559402,7.565866043379721e-05,1
0.02345465,0.850926574293731,1.6738270434770635,9.496342520121104e-05,1
0.023838544,0.8510376534282437,1.6737712330242462,0.00011107913451269269,1
0.026912905,0.8511482715063418,1.673715851815978,0.00011061807809809032,1
0.026044244,0.851243096934114,1.673668385230555,9.482542777228264e-05,1
0.02639504,0.8513527264456369,1.6736134526019064,0.00010962951152282407,1
0.021428375,0.8514368610922247,1.6735711301844403,8.41346465878523e-05,1
0.024103338,0.850664013880305,1.6739297662049157,-0.0007728472119197249,1
2.9217415,0.8700560933470519,1.6816713748183578,0.019392079466746925,1
2.9587739,0.8896705031058647,1.6894834406856025,0.01961440975881279,1
3.0772693,0.9100510144683843,1.6980864183608269,0.020380511362519615,1
3.0914223,0.930493306562615,1.7065427680738767,0.020442292094230652,1
6.1394405,0.972091286119798,1.7595512706056444,0.04159797955718303,1
6.040053,1.0130112920241017,1.8080902857722383,0.04092000590430367,1
6.042237,1.053988336882968,1.8544712494841396,0.04097704485886622,1
6.0330577,1.0949016901431605,1.8986627889374124,0.04091335326019263,1
6.0947948,1.1362861978381664,1.9420545064844605,0.0413845076950059,1
6.062755,1.1774623649479408,1.983067247993321,0.04117616710977434,1
5.8726797,1.2173117549132764,2.0192843318521474,0.0398493899653356,1
5.8262525,1.2576589226050094,2.0528833731771647,0.04034716769173308,1
3.551118,1.2821723622295798,2.0590814709375125,0.02451343962457031,1
3.3298001,1.3051003642095667,2.0633978230183057,0.0229280019799869,1
3.0658238,1.326064602458953,2.0658601693609757,0.020964238249386424,1
3.0414097,1.3468136031879112,2.067993551279671,0.020749000728958134,1
0.06122146,1.3468438999391057,2.0679745527529123,3.029675119448072e-05,1
0.052253302,1.3467643138461023,2.068024499323694,-7.958609300340314e-05,1
0.05744045,1.3467087226066117,2.068059291034983,-5.559123949061551e-05,1
0.072976604,1.346794730815519,2.0680056856997657,8.600820890736216e-05,1
0.06743186,1.34676971011019,2.0680212507369373,-2.5020705328948623e-05,1
0.060544673,1.3467012031340144,2.0680639911242666,-6.850697617566404e-05,1
0.08049815,1.3468069905130606,2.0679983721801087,0.00010578737904620716,1
0.07212433,1.3469400765607134,2.0679151393562942,0.00013308604765271959,1
0.08792891,1.3472361968597397,2.067730487332477,0.00029612029902637005,1
0.093147255,1.347525444230996,2.06755086876987,0.00028924737125635147,1
0.091741785,1.3478997402643371,2.0673169798449615,0.00037429603334104833,1
0.07949602,1.3481808733583118,2.0671404855546016,0.00028113309397470587,1
0.08699763,1.348504151127094,2.0669381703452365,0.00032327776878227077,1
0.12409751,1.3491312662113666,2.0665501566142104,0.0006271150842724893,1
0.10112263,1.3496356336529263,2.0662344233906618,0.0005043674415596833,1
0.10181119,1.3484706471596535,2.0668948332838717,-0.0011649864932727905,1
0.08686444,1.3473830822881103,2.0675214373717954,-0.0010875648715431563,1
0.08481004,1.3459877408135474,2.0683105880173844,-0.0013953414745628834,1
0.08720101,1.3443551580550976,2.0692168573854692,-0.0016325827584497965,1
0.0726079,1.342620261750805,2.0701841651788473,-0.001734896304292688,1
0.0839207,1.3410989996175178,2.0710337928467957,-0.0015212621332871823,1
0.08925853,1.3396135022889615,2.0718600294259018,-0.0014854973285562956,1
0.09439931,1.3381129682400368,2.072688669662579,-0.0015005340489246954,1
0.087941155,1.3365264046652656,2.073563471983018,-0.0015865635747711604,1
0.05671929,1.334648540152961,2.074606177961359,-0.001877864512304539,1
0.09078775,1.3327888587826036,2.0756070288963615,-0.0018596813703575243,1
0.115143366,1.331269777755046,2.076423095078608,-0.0015190810275576005,1
0.10535492,1.331058920839698,2.0765468880892075,-0.00021085691534805662,1
0.11066464,1.3309751414926723,2.07659622248018,-8.37793470256365e-05,1
0.11987869,1.3311890507142783,2.0764689829978384,0.00021390922160602344,1
0.116405696,1.3311676113581699,2.076481597037977,-2.1439356108432506e-05,1
0.10025951,1.3309376219727307,2.0766170206339285,-0.00022998938543916658,1
0.09266993,1.330514983390458,2.0768645039383338,-0.00042263858227276074,1
0.10254766,1.3305514544481412,2.0768427423853635,3.6471057683229446e-05,1
0.07457102,1.330119024664681,2.077099495802357,-0.00043242978346014205,1
0.07761049,1.3299703463110037,2.077188998162547,-0.00014867835367726734,1
0.06165869,1.329547093495623,2.0774429276377226,-0.0004232528153806925,1
0.03567226,1.3293034575698484,2.077593638824764,-0.00024363592577469895,1
0.029985908,1.328797768840256,2.0779030966877827,-0.0005056887295924462,1
0.032828663,1.3285604694780584,2.078050149412546,-0.00023729936219751835,1
0.042128075,1.3283599123436336,2.0781737572095924,-0.00020055713442479473,1
0.030178173,1.3282786145702832,2.0782246641650497,-8.129777335041943e-05,1
0.030097846,1.3282659954598381,2.0782325963141544,-1.2619110445033499e-05,1
0.03159854,1.3283175171818584,2.0782001321702723,5.152172202027572e-05,1
0.03268445,1.3283127626248945,2.07820311628347,-4.754556963915135e-06,1
0.03588422,1.32838340013081,2.078158704063477,7.063750591540519e-05,1
0.038047545,1.328535664671411,2.0780626846552908,0.00015226454060113248,1
0.038311534,1.3286822428409424,2.077970284153131,0.00014657816953134173,1
0.034832675,1.3288044812830373,2.077893113645351,0.00012223844209491297,1
0.04223864,1.328886466100812,2.077841759456072,8.198481777466071e-05,1
0.044287007,1.3289662779360596,2.077791847328941,7.981183524763402e-05,1
0.04412489,1.3290694229460012,2.0777272448393695,0.00010314500994157427,1
0.037650783,1.3291600074412093,2.077670258893934,9.058449520815692e-05,1
0.035337742,1.329233575806332,2.077623934785232,7.356836512273368e-05,1
0.03371341,1.3292840218119737,2.0775921691086814,5.0446005641635594e-05,1
28.848713,1.5293034822938756,3.0920091656209743,0.2000194604819019,1
64.84004,1.9792692872126483,6.11317804897987,0.4499658049187727,1
62.55592,2.4134424741431655,7.925638071117324,0.4341731869305172,1
61.02122,2.836961469406055,9.306751403203334,0.4235189952628895,1
59.440884,3.2494524747081517,10.430497800335049,0.4124910053020967,1
60.50039,3.669340681232926,11.465876458699261,0.41988820652477443,1
61.841675,4.0985295011713685,12.44399939319843,0.4291888199384424,1
60.877766,4.5209893701442825,13.308006693068906,0.422459868972914,1
61.192806,4.945661777630448,14.11525497422404,0.42467240748616586,1
61.98395,5.3758430380063755,14.887459481133309,0.4301812603759272,1
63.103497,5.813779236412504,15.638041498141373,0.4379361984061285,1
60.928,6.2366932349978015,16.290364455865156,0.42291399858529743,1
23.25823,6.397993439873163,16.343395372966643,0.16130020487536179,1
0.040963795,6.398101742741549,16.343352899762962,0.0001083028683854792,1
0.05024955,6.3982871100694565,16.343280244891936,0.00018536732790774835,1
0.0410492,6.398369546850315,16.343247923857714,8.243678085850803e-05,1
0.045742728,6.398526016195926,16.343186569367973,0.00015646934561086567,1
0.038822673,6.398620281523715,16.34314959119102,9.426532778888941e-05,1
0.25124824,6.379650172001372,16.348726460130738,-0.018970109522342682,1
0.27191103,6.358771240286943,16.35463343210617,-0.020878931714428894,1
0.2606141,6.337279493765284,16.36064010504121,-0.02149174652165886,1
0.25654936,6.315825652900255,16.366614609147913,-0.021453840865029328,1
0.24773568,6.275500012509939,16.374414605095797,-0.04032564039031605,1
0.25351194,6.235220796480361,16.382096102793444,-0.04027921602957818,1
0.26590905,6.194485034120993,16.389646323312522,-0.04073576235936738,1
0.25133717,6.154086043178621,16.397126354224028,-0.040398990942372315,1
0.25422224,6.114079457552482,16.404493937455047,-0.04000658562613868,1
0.45484263,6.07525923429057,16.411271588373634,-0.03882022326191237,1
0.44218597,6.037035597436544,16.417982411084463,-0.038223636854025855,1
0.43447003,5.999381951522082,16.424615451819285,-0.037653645914462075,1
0.23306543,5.977028470020741,16.43029610208479,-0.022353481501340866,1
0.23935297,5.956718111358997,16.435604522477174,-0.020310358661744132,1
0.24654955,5.939042060480763,16.44040002913723,-0.017676050878233873,1
0.24275903,5.921118800062686,16.445226266378167,-0.017923260418077014,1
0.23613116,5.922640344412583,16.44468631551506,0.0015215443498970416,1
0.22119431,5.924067729113934,16.444178921088714,0.0014273847013503982,1
0.22221337,5.92549479382837,16.44367159110058,0.0014270647144360993,1
0.2111155,5.926814291018268,16.443202106161703,0.0013194971898986552,1
0.19746806,5.928052952965825,16.442760679887215,0.0012386619475561744,1
0.016893147,5.928077259120376,16.442751878112663,2.430615455129015e-05,1
0.017425036,5.906700515039524,16.448459932661994,-0.021376744080852106,1
0.024928693,5.883586679048474,16.454410602974896,-0.023113835991050102,1
0.01455431,5.859476272741126,16.460490188678463,-0.024110406307348065,1
0.018667798,5.835450573281075,16.46651373693345,-0.02402569946005073,1
0.01664407,5.81200438472701,16.472418555148753,-0.023446188554064662,1
0.021259122,5.7888232264538395,16.478242014365968,-0.023181158273170688,1
0.021524468,5.765187062788755,16.48409617395199,-0.02363616366508481,1
0.023471588,5.740853103925474,16.49000779766616,-0.024333958863280714,1
0.020516481,5.715642455745385,16.495999449153146,-0.02521064818008867,1
0.02328626,5.6922121259461465,16.501710576489394,-0.02343032979923887,1
0.021070918,5.672118219417623,16.50687738931198,-0.020093906528523497,1
0.017775714,5.652689927749129,16.511908786584584,-0.019428291668494246,1
0.024832062,5.652748416320214,16.511888697013042,5.84885710850358e-05,1
0.02141445,5.652807942449322,16.511868238145205,5.952612910853361e-05,1
0.012655781,5.6528065437709705,16.51186871924049,-1.3986783518049606e-06,1
0.009168251,5.652750377704958,16.511888036685413,-5.616606601233087e-05,1
0.0067464393,5.652702400531982,16.511904546328854,-4.7977172975777194e-05,1
0.00896067,5.652676483803791,16.511913463597697,-2.591672819107771e-05,1
0.014464324,5.6526934716708235,16.511907621023287,1.6987867032192128e-05,1
0.012891674,5.652659153843867,16.511919419366787,-3.4317826956176134e-05,1
0.008518371,5.652567272022781,16.51195100888753,-9.188182108665899e-05,1
0.1224158,5.6532632891580255,16.511714126378685,0.0006960171352448086,1
0.13151437,5.654048129851516,16.51144710353109,0.0007848406934902741,1
0.1318848,5.654767828631318,16.511202428939534,0.0007196987798021581,1
0.138536,5.655552188827035,16.51093582689221,0.0007843601957171487,1
29.57183,5.860768594145258,16.623672006518905,0.2052164053182226,1
61.33856,6.2865679243372545,17.246697935761006,0.4257993301919969,1
90.01298,6.911492501113874,18.595773976367695,0.6249245767766194,1
124.314255,7.774599041776835,21.002587208403725,0.8631065406629608,1
125.046455,8.642796341355684,23.15388555587671,0.8681972995788492,1
126.15659,9.518700496099578,25.127286825717885,0.8759041547438944,1
128.49573,10.410883129186308,26.99885130015022,0.8921826330867297,1
129.2837,11.308519263402559,28.74349604982267,0.8976361342162509,1
127.221405,12.171711371344928,30.31341291613596,0.8631921079423694,1
126.74314,13.031325033309663,31.77042396349784,0.859613661964735,1
127.64097,13.896350720858512,33.16276803356233,0.8650256875488491,1
123.08154,14.729615447590025,34.37470096042844,0.8332647267315121,1
87.91369,15.297492170667587,34.903197724528916,0.5678767230775623,1
59.28184,15.66722681224605,35.08596701935292,0.3697346415784626,1
26.629107,15.8101911852783,35.0884163805822,0.1429643730322514,1
0.098231286,15.7689771130293,35.103462922836016,-0.04121407224900153,1
0.08274822,15.727226789898445,35.11862132108851,-0.04175032313085403,1
0.08403414,15.685707894270308,35.133657961715016,-0.04151889562813693,1
0.039887547,15.645202393139092,35.14840969905031,-0.04050550113121609,1
0.059390027,15.605154737351565,35.16295785640783,-0.04004765578752689,1
0.023154238,15.580654989721047,35.17264294183083,-0.024499747630517987,1
0.033322655,15.5577627850386,35.18174378380531,-0.02289220468244757,1
3.100612,15.558004369286614,35.181657524261716,0.0002415842480143482,1
3.3363194,15.560052353423089,35.18093239292883,0.0020479841364746676,1
3.6651938,15.585079939078746,35.171110033313205,0.025027585655656992,1
3.7290416,15.610613190982905,35.16108797069383,0.025533251904159115,1
3.7311366,15.636124969537681,35.151055490682076,0.025511778554776043,1
3.873901,15.662520277081057,35.14071278627889,0.02639530754337649,1
3.8240378,15.688607818265963,35.130447345312994,0.026087541184905305,1
3.8449996,15.714888754921654,35.120088341119406,0.026280936655691534,1
3.8302085,15.740928410397222,35.10980381689405,0.02603965547556797,1
3.6836686,15.766008579016974,35.099821274934314,0.02508016861975193,1
3.3474038,15.788643821039134,35.09068986159492,0.02263524202215983,1
3.238311,15.810485236294982,35.0818299337914,0.021841415255847707,1
0.52566403,15.81349858522622,35.08048894303901,0.003013348931238724,1
0.46336526,15.816164343824816,35.07929952356545,0.0026657585985958576,1
0.2785909,15.817494852571851,35.07870239470542,0.0013305087470349974,1
0.29760835,15.818699788923064,35.07816254034413,0.001204936351212993,1
0.28183162,15.819954712461266,35.07759953877335,0.0012549235382017798,1
0.29835433,15.821319595341468,35.07698748129625,0.0013648828802015345,1
0.29536936,15.822767546141726,35.076337730649875,0.0014479508002587238,1
0.30134493,15.824271260657245,35.075662964888224,0.0015037145155183396,1
0.28590718,15.82565116463229,35.07504342997945,0.0013799039750459485,1
0.28286037,15.82711125123832,35.07438745434037,0.0014600866060288098,1
0.27799597,15.828458996179203,35.07378201018248,0.0013477449408831887,1
0.2974391,15.829904694575816,35.07313300734167,0.0014456983966137926,1
0.039793614,15.82952548835116,35.07330462210892,-0.00037920622465570375,1
0.042454433,15.82920960833629,35.073447591192995,-0.0003158800148703733,1
0.044040076,15.829121558254378,35.073487480004616,-8.805008191181685e-05,1
0.04552557,15.828807237532196,35.0736297122635,-0.00031432072218251506,1
0.038971003,15.82827826278905,35.073868934043105,-0.000528974743145838,1
0.0382405,15.827812190426307,35.07407977142756,-0.0004660723627427643,1
0.04014231,15.827322451992789,35.07430125586,-0.0004897384335187382,1
0.034439165,15.826729121980154,35.074569548630166,-0.0005933300126343966,1
0.038494427,15.826188071501544,35.074814186447966,-0.0005410504786098613,1
0.04002827,15.825769798985371,35.0750033905982,-0.00041827251617299055,1
0.04347028,15.82542813476175,35.07515795710524,-0.0003416642236206968,1
0.041447423,15.825003827559865,35.07534985726197,-0.00042430720188590954,1
0.037634473,15.824747323757038,35.07546597950842,-0.00025650380282726815,1
0.07163706,15.824705841563022,35.075484736708056,-4.148219401578501e-05,1
0.064422175,15.824725032421863,35.075476052712226,1.9190858841611202e-05,1
0.056282315,15.82486815781643,35.07541121697077,0.00014312539456717843,1
0.06523786,15.825112963017697,35.07530033016841,0.00024480520126601846,1
0.06257344,15.825319523974839,35.07520676537137,0.00020656095714244316,1
3.3114305,15.848023012720255,35.065976038419244,0.022703488745415612,1
3.5963433,15.872788048181166,35.055984567851496,0.024765035460911022,1
3.5897112,15.897507585287611,35.04598865520316,0.0247195371064457,1
3.5915518,15.922229482805253,35.03597255757871,0.024721897517641978,1
3.5160215,15.946419323367687,35.02612635674967,0.024189840562433673,1
3.4854178,15.970374417969854,35.01634695552206,0.023955094602166938,1
3.505619,15.994454775639396,35.00650477257534,0.02408035766954164,1
3.6057153,16.01922841273093,34.996394700005794,0.02477363709153302,1
3.718395,16.044808706617914,34.985974030248755,0.025580293886985572,1
3.945285,16.071913195786895,34.974999923326585,0.02710448916898045,1
3.508507,16.095970279162024,34.96508844674515,0.024057083375129906,1
3.3105028,16.118653458866497,34.95566042479938,0.022683179704472423,1
0.3888477,16.12109232640877,34.95454283583392,0.0024388675422741812,1
0.40276846,16.123643928634312,34.95337379219047,0.002551602225540961,1
0.40045795,16.126190765696165,34.95220656135354,0.0025468370618533243,1
0.41012734,15.928700588061474,34.96016014867546,-0.19749017763469112,1
0.39336738,15.481154235739572,34.74146415601321,-0.4475463523219023,1
0.3806109,15.049381258418887,34.5380869815686,-0.4317729773206853,1
0.36907485,14.628185797935455,34.342812748459245,-0.4211954604834318,1
0.35062462,14.217836776994066,34.15613469606102,-0.41034902094138914,1
0.32703298,13.799966248411996,33.9534311842391,-0.4178705285820694,1
0.030696971,13.370723346791541,33.73182287456742,-0.4292429016204551,1
0.03319166,12.948191582923755,33.51294416059848,-0.4225317638677861,1
0.032858882,12.523469726244608,33.28401608987049,-0.4247218566791471,1
0.019267011,12.09315941681982,33.0397546882548,-0.43031030942478843,1
0.02434183,11.655109731247649,32.77582266114985,-0.43804968557217094,1
0.022322308,11.232153626417535,32.52757241055586,-0.4229561048301136,1
0.022381123,11.070793563318956,32.52513040385453,-0.16136006309857898,1
0.034512576,11.070748763184788,32.52514570702925,-4.480013416774398e-05,1
0.035320625,11.070645090089076,32.52518110401818,-0.00010367309571179817,1
0.039745178,11.070636034374022,32.525184196552686,-9.055715054273605e-06,1
0.043521866,11.070620611723927,32.52518946137225,-1.5422650095686663e-05,1
0.040947862,11.070635369978845,32.52518442118796,1.4758254918589842e-05,1
0.039990533,11.069168302566847,32.52568060931122,-0.0014670674119976468,1
0.051283218,11.067636165017676,32.526197968202105,-0.001532137549171253,1
0.04236729,11.066120562195364,32.52671013840025,-0.0015156028223124451,1
0.045395754,11.064654217722515,32.52720561080356,-0.0014663444728491015,1
0.035556458,11.063180750908536,32.52770384060019,-0.001473466813978419,1
0.034401298,11.061659149256432,32.52821815905167,-0.001521601652104465,1
0.035531487,11.060059305099356,32.528758503302676,-0.0015998441570754807,1
0.023505706,11.058477142153102,32.529293440360185,-0.0015821629462546838,1
0.011618609,11.056792394684939,32.52986320162884,-0.0016847474681629393,1
0.012910429,11.053723421090076,32.53089124919733,-0.0030689735948623564,1
0.018621806,11.050782003297677,32.53187658007711,-0.0029414177923996476,1
0.01954056,11.047900548657505,32.53284183871246,-0.0028814546401711993,1
0.016012156,11.046393234282732,32.53335144085334,-0.0015073143747734719,1
0.011441217,11.044810513765292,32.533886410441575,-0.0015827205174403502,1
0.0079463925,11.0431535474167,32.53444628816867,-0.0016569663485910269,1
0.008222343,11.041524820398385,32.534996620395944,-0.0016287270183159563,1
0.009770336,11.039952870219066,32.53552780512594,-0.0015719501793185486,1
0.007902491,11.038471677017192,32.53602862902998,-0.0014811932018741203,1
0.00560108,11.036967424986264,32.53653720209518,-0.0015042520309282992,1
0.0083661135,11.035559443174861,32.53701333803151,-0.0014079818114023368,1
0.009178589,11.034251877423635,32.53745571487338,-0.0013075657512260364,1
0.008712206,11.034195065336664,32.537475093413775,-5.681208697083662e-05,1
0.009295874,11.034138612824286,32.53749434821877,-5.645251237851312e-05,1
0.01045571,11.034038105998965,32.53752861530841,-0.00010050682532103394,1
0.009306391,11.034001662117792,32.53754104700394,-3.644388117329811e-05,1
0.013218192,11.033963817630946,32.537553951724206,-3.784448684562847e-05,1
0.015594297,11.033956527541806,32.53755643755107,-7.290089140354894e-06,1
0.015426985,11.033916026593134,32.537570245033976,-4.0500948671251535e-05,1
0.017878722,11.033890708912319,32.537578875181644,-2.531768081581731e-05,1
0.021654045,11.033878087085517,32.53758317651255,-1.2621826801506586e-05,1
0.017151803,11.033854721262792,32.53759114191936,-2.3365822725551766e-05,1
0.19087873,11.035018557883127,32.537197545879415,0.001163836620335701,1
0.19828202,11.036249190523652,32.536781408219404,0.001230632640524476,1
0.20171396,11.037526539481608,32.53634942096462,0.0012773489579558372,1
0.2045866,11.038774834848786,32.53592739683001,0.0012482953671781871,1
0.20976272,11.040082808965558,32.535485174462266,0.0013079741167718595,1
0.21692054,11.041501314236989,32.535005480033966,0.0014185052714310586,1
0.216201,11.042939041708856,32.53451912087955,0.0014377274718668787,1
0.20288856,11.044301139792273,32.534057948480275,0.0013620980834172514,1
0.19449097,11.045589544648667,32.533621544607506,0.001288404856394365,1
0.18950945,11.04680513580873,32.53320976127715,0.0012155911600633118,1
0.17255993,11.047913943152203,32.532833788841394,0.0011088073434724066,1
0.17820641,11.049092332340983,32.53243419946052,0.0011783891887802156,1
0.040057156,11.048520397291416,32.53262836212402,-0.0005719350495674291,1
0.03492976,11.047849670828631,32.53285600726966,-0.0006707264627845433,1
0.05498208,11.047315624180353,32.53303708327328,-0.0005340466482781636,1
0.4247895,11.04930349558385,32.532374599841646,0.001987871403496655,1
0.39110914,10.846659595508957,32.507064491131594,-0.20264390007489297,1
0.38810268,10.423392543310506,32.24074354615716,-0.42326705219845095,1
0.39761195,9.801063615156131,31.551247783014514,-0.6223289281543742,1
0.3843018,8.940438941897204,30.060843211328493,-0.8606246732589273,1
0.37536582,8.07466748662086,28.445430628098812,-0.8657714552763434,1
0.38503274,7.201253871485177,26.66986979619555,-0.8734136151356839,1
0.42507985,6.311874373660733,24.656093778751025,-0.8893794978244438,1
0.46374643,5.417291316462474,22.396595684507275,-0.8945830571982594,1
0.43484306,4.536829080587874,19.931144435000345,-0.8804622358745995,1
0.45906624,3.659856338002202,17.092574326560175,-0.8769727425856724,1
0.5360983,2.7771836295206516,13.562745050345864,-0.8826727084815502,1
0.13181046,1.923366042630126,9.058262889889916,-0.8538175868905256,1
0.029764561,1.3130610141670331,5.476630736014104,-0.6103050284630929,1
0.028202483,0.9015774114264382,2.5170158247326326,-0.4114836027405949,1
0.036994997,0.7169099702861987,1.2952003114923898,-0.18466744114023947,1
0.034164716,0.7164650635483364,1.2954253003859597,-0.00044490673786234947,1
0.037479077,0.7161506945008619,1.295585646850819,-0.00031436904747450534,1
0.03636307,0.7158196454143358,1.2957543747728208,-0.00033104908652603626,1
0.03766223,0.7158041918236349,1.2957625057779718,-1.545359070098673e-05,1
0.03918377,0.7156638705896007,1.2958351795941865,-0.00014032123403417973,1
0.042859007,0.7158007092592824,1.2957625783724884,0.00013683866968172698,1
0.052581094,0.7159344484227605,1.2956926373449178,0.00013373916347814152,1
0.054422077,0.6947803522537773,1.2812735367215304,-0.021154096168983227,1
0.053892907,0.6719857235051071,1.2630184582220538,-0.02279462874867022,1
0.06294982,0.6469701403467398,1.2387602431491236,-0.02501558315836727,1
0.04581586,0.6213921839759374,1.2124221989816126,-0.0255779563708024,1
0.08213841,0.5960519190541365,1.1847905103299263,-0.02534026492180097,1
0.077753656,0.569689785479568,1.153157561764427,-0.026362133574568514,1
0.09719699,0.5438089465800052,1.1209806600281855,-0.02588083889956272,1
0.0806656,0.5176677386043593,1.0868305773438056,-0.026141207975645897,1
0.0874091,0.49167607583674705,1.0512284355948696,-0.025991662767612278,1
0.07636635,0.4666253656743922,1.017057030012694,-0.025050710162354828,1
0.0840606,0.4439632603769294,0.9883709586296093,-0.02266210529746282,1
0.084257916,0.4220601135942464,0.9605700426593675,-0.021903146782683014,1
0.10369987,0.4191298069199547,0.9608953443098897,-0.0029303066742916717,1
0.102819726,0.416626018510821,0.9612489432954089,-0.0025037884091337337,1
0.12484942,0.4155583694033946,0.961488679216542,-0.001067649107426405,1
0.12841286,0.4143834007360662,0.9617371746536635,-0.0011749686673283577,1
0.12099675,0.41326649190806264,0.9619855498429589,-0.0011169088280035822,1
0.16406076,0.4123338976642117,0.9621628090894881,-0.0009325942438509482,1
0.18323204,0.4115551662915904,0.962303506103235,-0.0007787313726212997,1
0.18009974,0.4107131858019986,0.9624536412260499,-0.000841980489591776,1
0.17923544,0.40997240986002403,0.9625914143560784,-0.0007407759419745807,1
0.19015048,0.4093285912208052,0.9627080232974468,-0.0006438186392188072,1
0.15714376,0.40848933971331763,0.9628759770991859,-0.0008392515074875928,1
0.17801224,0.40765998650911367,0.9630237183901529,-0.0008293532042039642,1
0.18474033,0.40866656095669085,0.9627122276447027,0.0010065744475771798,1
0.14874206,0.40940466951320154,0.9624702052410912,0.000738108556510686,1
0.10749454,0.40984532551374286,0.9623162710963997,0.0004406560005413285,1
0.13941531,0.4104973375926622,0.9620994849015769,0.0006520120789193506,1
0.12922344,0.41112409059941357,0.9618851374360988,0.0006267530067513571,1
0.1057254,0.41159273574077004,0.9617186178232061,0.00046864514135647184,1
0.14314932,0.4123080621809802,0.9614786792646348,0.0007153264402101622,1
0.14674686,0.41308797672132236,0.961215536929711,0.0007799145403421526,1
0.15150164,0.4138727490402137,0.9609536620426041,0.0007847723188913469,1
0.17952879,0.4148415026332562,0.9606444142539174,0.0009687535930424929,1
0.1576693,0.4156345514347777,0.9603827913558718,0.0007930488015214787,1
0.18150407,0.4166071670414466,0.9600720580556215,0.0009726156066689473,1
0.14416453,0.4173469591187313,0.9598190056606474,0.0007397920772846955,1
0.13936935,0.4178173222915373,0.959664988283797,0.0004703631728059654,1
0.15958413,0.41847816923271036,0.9594526724798019,0.0006608469411730766,1
0.4431598,0.4211648183538475,0.9589729082269164,0.0026866491211371413,1
0.45813042,0.42389323892227065,0.9585119696184248,0.002728420568423151,1
0.51173574,0.42701242153998464,0.9580586661104277,0.003119182617713989,1
0.50279313,0.4075079956997393,0.9270127252727232,-0.019504425840245365,1
0.5165037,0.3861202207885476,0.8876178517458085,-0.021387774911191704,1
0.56487095,0.3651143858183382,0.8460941808569516,-0.02100583497020936,1
0.49271572,0.3435946909270974,0.8017021870090495,-0.021519694891240837,1
0.5547966,0.32303062902711743,0.7564607244396847,-0.020564061899979946,1
0.5393731,0.3025719849780823,0.7086633406440044,-0.020458644049035135,1
0.5217543,0.28185070216810953,0.6560201810259305,-0.020721282809972763,1
0.57558787,0.26080815073671854,0.5943573749854479,-0.021042551431391,1
0.54172844,0.23874796630762932,0.5193474262500626,-0.02206018442908922,1
0.22691074,0.21292592226786333,0.4159067676736914,-0.025822044039765985,1
0.1877317,0.1898649825792139,0.31064017652361303,-0.023060939688649446,1
0.13495961,0.16781259952889135,0.16711711852766797,-0.022052383050322533,1
0.16313149,0.16624512579033357,0.16608478679051716,-0.0015674737385577842,1
0.115112446,0.16424751456361264,0.16494608152083287,-0.00199761122672093,1
0.117704056,0.16228394586748132,0.16379346368029776,-0.001963568696131318,1
0.09232255,0.16007696815197253,0.16256711535550697,-0.00220697771550879,1
0.062983535,0.15778263589729452,0.16158001089062962,-0.002294332254678011,1
0.0818871,0.15570816499853712,0.16061390715098295,-0.0020744708987573968,1
0.051504824,0.15350281758906525,0.1598421189255991,-0.0022053474094718695,1
0.053805232,0.15144157183304843,0.15919486480161596,-0.002061245756016822,1
0.034914475,0.1494129710804878,0.15880240923843048,-0.002028600752560644,1
0.0304961,0.14941157614036152,0.15880346022572894,-1.3949401262702832e-06,1
0.02084625,0.14932584413327277,0.15886996022954267,-8.573200708875128e-05,1
0.04545268,0.14941330106618503,0.1588088521852485,8.745693291226098e-05,1
0.038741004,0.1495485371237414,0.15870550720019747,0.00013523605755635937,1
0.037544228,0.1496402204502374,0.15863646860025138,9.168332649600597e-05,1
0.038495276,0.14975253272698158,0.15855140135776924,0.00011231227674418642,1
0.037054487,0.14985443108404675,0.1584736655277236,0.00010189835706517214,1
0.03856995,0.1498826072913491,0.158453374031774,2.817620730236059e-05,1
0.03351824,0.14987009072986743,0.15846255772505233,-1.2516561481684674e-05,1
0.031886283,0.1498155150717745,0.15850209917277672,-5.457565809291465e-05,1
0.030712552,0.14972656150348485,0.15856575139546034,-8.895356828966805e-05,1
0.037833855,0.149704936452003,0.1585809018957277,-2.1625051481843904e-05,1
0.022569055,0.14958395396307525,0.15867180854425988,-0.0001209824889277511,1
0.010757306,0.14930252401649746,0.1588831787624935,-0.0002814299465777881,1
0.0073527247,0.14905936730792746,0.15907465613237687,-0.0002431567085700026,1
0.009913523,0.14881296292231935,0.15926372087191717,-0.0002464043856081066,1
0.010786536,0.14864094957657573,0.15940021729640927,-0.0001720133457436268,1
0.010101864,0.1484722035109169,0.1595348059416592,-0.00016874606565883687,1
0.017662622,0.14834811416868535,0.15963018865893722,-0.00012408934223154255,1
0.02196911,0.14833744335919619,0.15963864350106238,-1.0670809489160549e-05,1
0.022362327,0.14841205251610112,0.15957679800222907,7.460915690493675e-05,1
0.023448851,0.14848523599923485,0.15951662623532864,7.318348313373191e-05,1
0.018010652,0.14848099187171707,0.15952011365881308,-4.244127517788465e-06,1
0.018768724,0.1484756319033396,0.15952448933621885,-5.35996837747188e-06,1
0.026212871,0.1485464701998151,0.15946751107279195,7.083829647550055e-05,1
0.026424265,0.14865051914239302,0.15938229269613166,0.00010404894257792785,1
0.03090423,0.14880994856745625,0.15925199177494537,0.00015942942506322333,1
0.030153943,0.14896225134402308,0.159127036972696,0.00015230277656683167,1
0.029588517,0.14909987760216203,0.15901434070620443,0.00013762625813895646,1
0.024274854,0.14921357456801665,0.158918501383107,0.00011369696585461497,1
0.029982494,0.14938288994340432,0.15877734895805723,0.0001693153753876686,1
0.03568899,0.14957263213323635,0.15862390412230243,0.00018974218983203173,1
0.033919826,0.14974444627942932,0.15848410999864057,0.00017181414619296675,1
0.030881532,0.1498983999287399,0.15835686800448676,0.00015395364931058975,1
0.02638017,0.150017040872222,0.1582571603588498,0.00011864094348210119,1
0.03666558,0.1501990538672544,0.15811053133153644,0.00018201299503239898,1
0.027870778,0.1503279732229809,0.1580023791119459,0.00012891935572648117,1
0.02683323,0.15042252209968865,0.15792381274313133,9.45488767077618e-05,1
0.024098106,0.15048157632635492,0.15787462463909835,5.9054226666271914e-05,1
0.02906092,0.15057625643546796,0.15779713293225436,9.468010911303781e-05,1
0.025110913,0.15062647998436457,0.15775574821665553,5.022354889661074e-05,1
0.02033435,0.15061731543391943,0.1577633311948311,-9.164550445139863e-06,1
0.01783971,0.15062209256252068,0.1577592719140231,4.777128601252123e-06,1
0.01493061,0.14940023058766705,0.1581262411299403,-0.001221861974853633,1
0.018398905,0.14815104230203563,0.15844758400375797,-0.0012491882856314196,1
0.011249052,0.14682836930215773,0.15879192786536794,-0.0013226729998778997,1
0.0065607075,0.1454531895255463,0.15914531341641988,-0.0013751797766114182,1
0.009193715,0.14406034919536775,0.15945592743928708,-0.0013928403301785575,1
0.0073318495,0.14260487218012308,0.15974250682253371,-0.0014554770152446772,1
0.007861575,0.14115807056724508,0.16001452147070636,-0.001446801612877996,1
0.008980113,0.13981148410756658,0.16030704317041744,-0.0013465864596785004,1
0.009462773,0.13852656607761876,0.16060695565418565,-0.001284918029947818,1
0.008395105,0.13726882755872793,0.1609137830959917,-0.0012577385188908274,1
0.008317981,0.13612825845484622,0.16124362943818799,-0.0011405691038817167,1
0.008543545,0.13495004408954023,0.16155358152325427,-0.0011782143653059907,1
0.008140655,0.13472840172148104,0.16170650103947043,-0.00022164236805918835,1
0.007814598,0.13454010198862912,0.16183925728112677,-0.00018829973285192092,1
0.0073241885,0.1342091444013123,0.16205167958445157,-0.0003309575873168269,1
0.007818259,0.13131351086647353,0.16054141622189713,-0.002895633534838765,1
0.006830558,0.12864490961267924,0.15938241550167156,-0.002668601253794284,1
0.009598343,0.12601640726724225,0.1581902175722111,-0.0026285023454369894,1
0.008506489,0.12331428603890042,0.15683597418010953,-0.0027021212283418333,1
0.0075972755,0.12069828231728429,0.15558902826834423,-0.0026160037216161336,1
0.007837855,0.11814600475999112,0.15439211100892142,-0.0025522775572931616,1
0.008502499,0.11553121139877476,0.15302289106242575,-0.0026147933612163665,1
0.014158295,0.11267758946956342,0.15102846104297293,-0.0028536219292113335,1
0.014339364,0.10955670707820293,0.14834260959985113,-0.003120882391360491,1
0.016349802,0.10665050387291962,0.14600629481182525,-0.0029062032052833142,1
0.018219667,0.10358906932136354,0.14315926847309154,-0.0030614345515560804,1
0.02710959,0.10005442548814851,0.13861730208669856,-0.0035346438332150287,1
0.019437257,0.09927405604846878,0.13875352097366567,-0.0007803694396797262,1
0.033247527,0.0992982433106388,0.13874162253385577,2.4187262170016766e-05,1
0.037167486,0.09936050027156146,0.13871150507532468,6.225696092265753e-05,1
0.037084356,0.09936112081696694,0.13871122432302596,6.205454054775128e-07,1
0.045612548,0.09944061965021926,0.13867687361681647,7.949883325232554e-05,1
0.044502437,0.0994893929875818,0.13865616257363753,4.8773337362542635e-05,1
0.046445966,0.09955941310424048,0.13862660415792022,7.00201166586728e-05,1
0.04758412,0.09962831511640818,0.13859808688989872,6.890201216770697e-05,1
0.05023626,0.09970506851419082,0.138567436547935,7.675339778263901e-05,1
0.036401633,0.09966022564266394,0.13858700506270022,-4.484287152688171e-05,1
0.03724949,0.09955375617331204,0.13862930932882725,-0.00010646946935190249,1
0.042502746,0.09947098304271801,0.13866000012084914,-8.277313059402991e-05,1
0.032382775,0.09932160712843244,0.13872101673230752,-0.00014937591428557107,1
0.029936789,0.09909234995656233,0.138808798588309,-0.00022925717187011196,1
0.033726394,0.09900839533980212,0.1388448980100617,-8.395461676020954e-05,1
0.030211998,0.09864779524569814,0.13895640355801972,-0.0003606000941039772,1
0.02548605,0.09828482576348405,0.13907957281560618,-0.00036296948221409275,1
0.02861091,0.09780853354540239,0.13920071154131045,-0.0004762922180816531,1
0.025070481,0.09742245630736256,0.1393256317465243,-0.0003860772380398364,1
2.972181,0.11745559505976012,0.27712572161031496,0.020033138752397567,1
3.3741825,0.14035709584196512,0.3878510438216843,0.022901500782205,1
3.5253599,0.16425500741914018,0.4795401382324165,0.02389791157717505,1
3.4476902,0.1876121763974273,0.5520469702793047,0.02335716897828713,1
3.4167876,0.21061973024431305,0.6140795281241331,0.023007553846885742,1
3.4454412,0.2338323796898799,0.670555831739576,0.023212649445566863,1
3.5785673,0.25781653142702354,0.7260959516875489,0.023984151737143633,1
3.7020133,0.2826332008472592,0.7806616040956487,0.024816669420235637,1
3.7866986,0.3080894635479328,0.8333431113847426,0.025456262700673638,1
3.9092379,0.33409763788869085,0.8856194004163886,0.026008174340758028,1
3.4887385,0.35705254412217374,0.9237016118388497,0.022954906233482897,1
3.3559291,0.3791069149253114,0.9567684358036093,0.022054370803137657,1
0.4184319,0.3807680014837792,0.9566266328838374,0.0016610865584678058,1
0.4365797,0.38247931551045944,0.9565036630009212,0.001711314026680233,1
0.44050592,0.38444710832360823,0.9563283047102044,0.0019677928131487943,1
0.4358696,0.3862377844860829,0.9561804638155239,0.0017906761624746914,1
0.41521308,0.38783828964935513,0.9560337056420183,0.0016005051632722034,1
0.41160396,0.3896637194589453,0.9558249166363214,0.0018254298095901622,1
0.41697475,0.3918128876022011,0.9555339118688354,0.0021491681432558307,1
0.4352233,0.3938671098407617,0.9553054481112376,0.0020542222385605546,1
0.43085423,0.39596176813938655,0.9550517700754416,0.002094658298624874,1
0.43854895,0.3982730428073814,0.9547471477819277,0.002311274667994856,1
0.3707638,0.39985369900306167,0.9545102045638725,0.0015806561956802634,1
0.3524782,0.40128238891419543,0.9542826504971899,0.0014286899111337625,1
0.39788303,0.40299337076915737,0.9540525212269014,0.0017109818549619349,1
0.4312701,0.4047415742760576,0.9538708095743428,0.0017482035069002477,1
0.40549788,0.4064626060329222,0.9536454564668415,0.0017210317568646105,1
0.39496762,0.40794499176101656,0.9534592163891817,0.0014823857280943376,1
0.38189322,0.4095958854078263,0.9532050695344858,0.001650893646809759,1
3.5674198,0.43340179105871357,0.9885604699828027,0.02380590565088725,1
3.878185,0.45922540841274895,1.0290960646035048,0.025823617354035378,1
3.9511695,0.48358658689863254,1.0694436553650917,0.024361178485883594,1
3.942467,0.5077833685306056,1.1076005296618467,0.02419678163197303,1
3.9158514,0.5314230603172392,1.1434331417350203,0.02363969178663361,1
3.7402184,0.5539051802317974,1.1742773128763737,0.022482119914558174,1
3.7617688,0.5764417436083831,1.2043117286928882,0.022536563376585717,1
3.8217955,0.5990592749278423,1.234302745029356,0.022617531319459205,1
3.8664365,0.6224878913522439,1.2639331728069771,0.023428616424401638,1
3.7580206,0.6447325029002968,1.290638968347238,0.022244611548052906,1
3.2889354,0.6638266856995566,1.3092738263783454,0.019094182799259785,1
3.168365,0.6822059265137391,1.325738195537293,0.018379240814182518,1
0.39379475,0.6809434742673248,1.3259269780712621,-0.0012624522464143029,1
0.39163348,0.6799011481828833,1.3260961667502325,-0.0010423260844415472,1
0.40493947,0.6811374588255098,1.3257538368332373,0.0012363106426265258,1
0.45578822,0.6829989624837052,1.325244288800883,0.0018615036581953737,1
0.056352988,0.6824530831751568,1.3254877764495212,-0.0005458793085483249,1
0.054934558,0.681701715586112,1.3258148443030628,-0.0007513675890448157,1
0.041277226,0.6811889710014738,1.3260497555890407,-0.0005127445846382361,1
0.05254956,0.6807365092196657,1.3262544668366412,-0.00045246178180813335,1
0.025912186,0.6802753261322828,1.326472037628306,-0.00046118308738285485,1
0.030762536,0.6800515691963179,1.326579607379779,-0.00022375693596488055,1
0.024929937,0.67965603331686,1.326767682513739,-0.0003955358794579533,1
0.019389044,0.67943300706813,1.3268767063295237,-0.0002230262487299406,1
0.021465162,0.6792084232470693,1.3269860714137631,-0.00022458382106071983,1
0.022991303,0.6791256234444316,1.3270269258396967,-8.279980263770081e-05,1
0.03451034,0.6791535001151109,1.3270132469775981,2.787667067927213e-05,1
0.029396331,0.679212875680403,1.3269837768086055,5.937556529211907e-05,1
0.027366957,0.6790872803766332,1.3270450343724909,-0.00012559530376976547,1
0.027651258,0.6790102682522653,1.3270827765682276,-7.70121243679478e-05,1
0.024532178,0.6789199067958785,1.3271272018708722,-9.036145638674498e-05,1
0.02703561,0.6788403257863441,1.3271662164178095,-7.958100953442404e-05,1
0.023314917,0.6787449121119506,1.3272131719016804,-9.541367439347415e-05,1
0.020462954,0.6786191690900725,1.3272751038898791,-0.00012574302187817743,1
0.016731294,0.6785025930762963,1.3273328959779065,-0.00011657601377612625,1
0.015414154,0.678388203290524,1.3273897197449007,-0.00011438978577238412,1
